<?xml version="1.0"?>
<extensions>
  <details>
    <title lang="EN">Inguz-EQ</title>
  </details>
  <plugins>
    <plugin name="InguzEQ" version="0.9.34" minTarget="7.3.0" maxTarget="*">
      <title lang="EN">InguzEQ</title>
      <desc lang="EN">DSP for Squeezebox server based of Inguz</desc>
       <url>https://github.com/Foxenfurter/SqueezeBoxEQ/blob/main/SqueezeboxEQ.zip</url>
       <sha>29427ae6c73b4113792b97059c537af8</sha>
      <creator>Hugh Pyle, Jonathan Fox</creator>
    </plugin>
  </plugins>
</extensions>
