<?xml version="1.0"?>
<extension>
  <name>PLUGIN_INGUZEQ_DISPLAYNAME</name>
  <description>PLUGIN_INGUZEQ_MODULEDESC</description>
  <module>Plugins::InguzEQ::Plugin</module>
  <version>0.9.37</version>

  <creator>Inguz Audio/Jonathan Fox</creator>
  <email></email>
  <homepageURL>https://github.com/Foxenfurter?tab=repositories</homepageURL>
        
  <id>B2097381-C0A6-4fac-834E-652E7714FDDA</id>
  <optionsURL>plugins/InguzEQ/index.html</optionsURL>
  <type>2</type>
  <defaultState>enabled</defaultState>

  <targetApplication>
  <id>SqueezeCenter</id>
   <minVersion>7.3.0</minVersion>
   <maxVersion>*</maxVersion>
  </targetApplication>
</extension>
